[{"model": "contenttypes.contenttype", "pk": 1, "fields": {"app_label": "admin", "model": "logentry"}}, {"model": "contenttypes.contenttype", "pk": 2, "fields": {"app_label": "auth", "model": "permission"}}, {"model": "contenttypes.contenttype", "pk": 3, "fields": {"app_label": "auth", "model": "group"}}, {"model": "contenttypes.contenttype", "pk": 4, "fields": {"app_label": "auth", "model": "user"}}, {"model": "contenttypes.contenttype", "pk": 5, "fields": {"app_label": "contenttypes", "model": "contenttype"}}, {"model": "contenttypes.contenttype", "pk": 6, "fields": {"app_label": "sessions", "model": "session"}}, {"model": "contenttypes.contenttype", "pk": 7, "fields": {"app_label": "dbview", "model": "colleges"}}, {"model": "contenttypes.contenttype", "pk": 8, "fields": {"app_label": "dbview", "model": "libraries"}}, {"model": "contenttypes.contenttype", "pk": 9, "fields": {"app_label": "dbview", "model": "industries"}}, {"model": "contenttypes.contenttype", "pk": 10, "fields": {"app_label": "dbview", "model": "hotels"}}, {"model": "contenttypes.contenttype", "pk": 11, "fields": {"app_label": "dbview", "model": "parks"}}, {"model": "contenttypes.contenttype", "pk": 12, "fields": {"app_label": "dbview", "model": "zoos"}}, {"model": "contenttypes.contenttype", "pk": 13, "fields": {"app_label": "dbview", "model": "museums"}}, {"model": "contenttypes.contenttype", "pk": 14, "fields": {"app_label": "dbview", "model": "restaurants"}}, {"model": "contenttypes.contenttype", "pk": 15, "fields": {"app_label": "dbview", "model": "malls"}}, {"model": "contenttypes.contenttype", "pk": 16, "fields": {"app_label": "registerpage", "model": "profile"}}, {"model": "sessions.session", "pk": "0gamf1c9lmm4w9s4s33tixrcc32632iz", "fields": {"session_data": "ZGQwMDFjODBkNzk4MTkyZDA0YzY2YjYzMjZhNDgzM2IwMjAxYzQ3NDp7Il9hdXRoX3VzZXJfaGFzaCI6ImRmZTlmMWMyOGQ3OGJjMDdhOThlMzFjOTI5MDQzYWEyNjkxZGZjODQiLCJfYXV0aF91c2VyX2JhY2tlbmQiOiJkamFuZ28uY29udHJpYi5hdXRoLmJhY2tlbmRzLk1vZGVsQmFja2VuZCIsIl9hdXRoX3VzZXJfaWQiOiIxNyJ9", "expire_date": "2017-11-12T04:28:14.414Z"}}, {"model": "sessions.session", "pk": "33viybk97ypaito67g40c5ayo3h8c64g", "fields": {"session_data": "NWE5MmJjYWUyNDNiNzE5NzRiZDVlYzczMWIwNWYwN2JiMzg1OTZiMzp7Il9hdXRoX3VzZXJfaWQiOiIzMCIsIl9hdXRoX3VzZXJfaGFzaCI6IjE2NDBjMWJlZDk3ZGUwZjNkOTQ5N2QzOTgxYzU1NzA2NWU3M2M5MDMiLCJfYXV0aF91c2VyX2JhY2tlbmQiOiJkamFuZ28uY29udHJpYi5hdXRoLmJhY2tlbmRzLk1vZGVsQmFja2VuZCJ9", "expire_date": "2017-11-14T14:15:44.666Z"}}, {"model": "sessions.session", "pk": "7vmgrm0je1223lpssjyozz6uyyhxqchq", "fields": {"session_data": "MzE1OWZlZTc4NzM4NjI4OGJjYzg5YWFiYzk2MjY4MjE5ZDczYjk1ODp7fQ==", "expire_date": "2017-11-14T04:09:14.254Z"}}, {"model": "sessions.session", "pk": "ajs86p6018a2ezhua2nmu17vgxfnjlas", "fields": {"session_data": "M2EzZjIzZDFhZmViZDZhMGZiY2JkN2ZlOWJiZGFlMzk3MjczMDNkNjp7Il9hdXRoX3VzZXJfaGFzaCI6IjhjMzY1ZjRmZjRiZWUyMzFmMjQ0YWNiMTg5ZGQ4ODZlMTE4OTBkMDMiLCJfYXV0aF91c2VyX2lkIjoiMyIsIl9hdXRoX3VzZXJfYmFja2VuZCI6ImRqYW5nby5jb250cmliLmF1dGguYmFja2VuZHMuTW9kZWxCYWNrZW5kIn0=", "expire_date": "2017-11-01T04:35:14.498Z"}}, {"model": "sessions.session", "pk": "eij3orsiz0az9y3ou9esa0js22ecm5rj", "fields": {"session_data": "MzE1OWZlZTc4NzM4NjI4OGJjYzg5YWFiYzk2MjY4MjE5ZDczYjk1ODp7fQ==", "expire_date": "2017-11-14T04:21:17.248Z"}}, {"model": "sessions.session", "pk": "eo2d05plkc9fe7f0682if6b2tonvtvdh", "fields": {"session_data": "ZmU0MGE2NTFiOWYyY2QwMWYzN2ViNDQ0MDEzNzAzMTgyM2M0ZTkwMzp7Il9hdXRoX3VzZXJfaGFzaCI6IjdmMzQwMGNmYTAxYTY4NTVkYjZkNTQ4MzllOWQwZTI3YjQxZGVmMDgiLCJfYXV0aF91c2VyX2lkIjoiNCIsIl9hdXRoX3VzZXJfYmFja2VuZCI6ImRqYW5nby5jb250cmliLmF1dGguYmFja2VuZHMuTW9kZWxCYWNrZW5kIn0=", "expire_date": "2017-11-01T01:14:53.531Z"}}, {"model": "sessions.session", "pk": "h45qwd2ir6lu89j8h316g30tp2ts4af5", "fields": {"session_data": "M2EzZjIzZDFhZmViZDZhMGZiY2JkN2ZlOWJiZGFlMzk3MjczMDNkNjp7Il9hdXRoX3VzZXJfaGFzaCI6IjhjMzY1ZjRmZjRiZWUyMzFmMjQ0YWNiMTg5ZGQ4ODZlMTE4OTBkMDMiLCJfYXV0aF91c2VyX2lkIjoiMyIsIl9hdXRoX3VzZXJfYmFja2VuZCI6ImRqYW5nby5jb250cmliLmF1dGguYmFja2VuZHMuTW9kZWxCYWNrZW5kIn0=", "expire_date": "2017-11-01T04:42:48.598Z"}}, {"model": "sessions.session", "pk": "iy3tbq9p26zte44w3rzvb08mxp7kfs47", "fields": {"session_data": "ZDRjODQ5YzBkZWFjNzIzMjlhYmVjZDgyNDAzOWVlZWQ0NGQzMmY0MTp7Il9hdXRoX3VzZXJfaWQiOiIxIiwiX2F1dGhfdXNlcl9iYWNrZW5kIjoiZGphbmdvLmNvbnRyaWIuYXV0aC5iYWNrZW5kcy5Nb2RlbEJhY2tlbmQiLCJfYXV0aF91c2VyX2hhc2giOiI5ZTBhZGVkY2FiZTdmZGEzYjQ1MjZkOTY1MTVlMDYxYzQ1YTQ0Mjc5In0=", "expire_date": "2017-10-27T00:22:24.343Z"}}, {"model": "sessions.session", "pk": "jeez15yu603qpraf3c2gnuceakzjo1bz", "fields": {"session_data": "MzczNGVjNTViZjNlMjIyMmNhNmJkZmFmOWY4M2YxZmQ5NzQ4Yzk3ZTp7Il9hdXRoX3VzZXJfaGFzaCI6IjZhZDE1Y2U0NzVkZjg4Yjk2YjQ4NjQ1MjE1OWIwNjZhODFlZDI5MmYiLCJfYXV0aF91c2VyX2lkIjoiNiIsIl9hdXRoX3VzZXJfYmFja2VuZCI6ImRqYW5nby5jb250cmliLmF1dGguYmFja2VuZHMuTW9kZWxCYWNrZW5kIn0=", "expire_date": "2017-11-01T04:26:03.952Z"}}, {"model": "sessions.session", "pk": "pyz8wztoku8fbeiwo76tlydys2zyhskc", "fields": {"session_data": "MzE1OWZlZTc4NzM4NjI4OGJjYzg5YWFiYzk2MjY4MjE5ZDczYjk1ODp7fQ==", "expire_date": "2017-11-14T04:14:18.000Z"}}, {"model": "sessions.session", "pk": "q3vt0mjwkqwm03sdpw70rkewlgq7o5ei", "fields": {"session_data": "NmFmMzliMzQ0MGQxZGJjNmE0OWNkZTI3NzYzZGYxNTA4Y2JhOTg0MDp7Il9hdXRoX3VzZXJfaWQiOiIyOSIsIl9hdXRoX3VzZXJfaGFzaCI6IjIzMDRlZTA1ZmM5OWQ0ZGJjMzk2MGQwMTM4NTAxYzZkOGYyZTA3MDQiLCJfYXV0aF91c2VyX2JhY2tlbmQiOiJkamFuZ28uY29udHJpYi5hdXRoLmJhY2tlbmRzLk1vZGVsQmFja2VuZCJ9", "expire_date": "2017-11-14T13:53:55.931Z"}}, {"model": "sessions.session", "pk": "uzpfycdxve0kmaf8fv9x80gxnk3ublzk", "fields": {"session_data": "MzE1OWZlZTc4NzM4NjI4OGJjYzg5YWFiYzk2MjY4MjE5ZDczYjk1ODp7fQ==", "expire_date": "2017-11-14T04:17:14.434Z"}}, {"model": "dbview.colleges", "pk": 1, "fields": {"name": "QUT", "address": "2 George St, Brisbane City QLD 4000", "departments": "", "email": "askqut@qut.edu.au", "Lat": "-27.477525", "Lon": "153.028462"}}, {"model": "dbview.colleges", "pk": 2, "fields": {"name": "UQ", "address": "St Lucia, QLD 4072", "departments": "", "email": "askus@library.uq.edu.au", "Lat": "-27.4954", "Lon": "153.012"}}, {"model": "dbview.colleges", "pk": 3, "fields": {"name": "James Cook University", "address": "349 Queen Street", "departments": "", "email": "enquiries@jcu.edu.au", "Lat": "-19.3264", "Lon": "146.7573"}}, {"model": "dbview.colleges", "pk": 4, "fields": {"name": "CQUniversity", "address": "160 Ann St", "departments": "", "email": "ssc@cqu.edu.au", "Lat": "-23.3218", "Lon": "150.5197"}}, {"model": "dbview.colleges", "pk": 5, "fields": {"name": "Charles Sturt University", "address": "119 Charlotte St", "departments": "", "email": "N/A", "Lat": "-27.470989", "Lon": "153.027481"}}, {"model": "dbview.colleges", "pk": 6, "fields": {"name": "Federation University", "address": "333 Ann St", "departments": "", "email": "N/A", "Lat": "-27.464926", "Lon": "153.028387"}}, {"model": "dbview.colleges", "pk": 7, "fields": {"name": "Learning Sciences Institute", "address": "229 Elizabeth St", "departments": "", "email": "Isia@acu.edu.au", "Lat": "-27.4687", "Lon": "153.0284"}}, {"model": "dbview.colleges", "pk": 8, "fields": {"name": "UQ Business School", "address": "Colin Clark, 39 Blair Dr, St Lucia QLD 4067", "departments": "", "email": "info@business.uq.edu.au", "Lat": "-27.494749", "Lon": "153.014257"}}, {"model": "dbview.colleges", "pk": 9, "fields": {"name": "Kaplan Business School", "address": "252 St Pauls Terrace", "departments": "", "email": "N/A", "Lat": "-27.45707", "Lon": "153.030261"}}, {"model": "dbview.colleges", "pk": 10, "fields": {"name": "Torrens University", "address": "90 Bowen Terrace", "departments": "", "email": "N/A", "Lat": "-27.461183", "Lon": "153.036119"}}, {"model": "dbview.colleges", "pk": 11, "fields": {"name": "UQ School of Dentistry", "address": "288 Herston Rd", "departments": "", "email": "dentistry@enquire.uq.edu.au", "Lat": "-27.4484", "Lon": "153.0246"}}, {"model": "dbview.colleges", "pk": 12, "fields": {"name": "Queensland College of Art", "address": "226 Grey St", "departments": "", "email": "N/A", "Lat": "-27.481731", "Lon": "153.024078"}}, {"model": "dbview.colleges", "pk": 13, "fields": {"name": "Shafston College", "address": "46 Thorn St, Kangaroo Point QLD 4000", "departments": "", "email": "N/A", "Lat": "-27.4777", "Lon": "153.0404"}}, {"model": "dbview.colleges", "pk": 14, "fields": {"name": "Griffith University", "address": "170 Kessels Rd, Nathan QLD 4111", "departments": "", "email": "N/A", "Lat": "-27.5551", "Lon": "153.0533"}}, {"model": "dbview.colleges", "pk": 15, "fields": {"name": "Endeavour College of Natural Health", "address": "269 Wickem St, Brisbane City QLD 4006", "departments": "", "email": "info@endeavour.edu.au", "Lat": "-27.456526", "Lon": "153.034884"}}, {"model": "dbview.colleges", "pk": 16, "fields": {"name": "Brisbane School of Theology", "address": "1 Cross St, Toowong QLD 4066", "departments": "", "email": "info@bst.qld.edu.au", "Lat": "-27.4807", "Lon": "152.9778"}}, {"model": "dbview.colleges", "pk": 17, "fields": {"name": "ACU", "address": "1100 Nudgee Rd, Banyo QLD 4014", "departments": "", "email": "N/A", "Lat": "-27.377898", "Lon": "153.089317"}}, {"model": "dbview.colleges", "pk": 18, "fields": {"name": "Australian College of Rural and Remote Medicine", "address": "410 Queen St, Brisbane City QLD 4000", "departments": "", "email": "N/A", "Lat": "-27.4656", "Lon": "153.0299"}}, {"model": "dbview.colleges", "pk": 19, "fields": {"name": "American College", "address": "180 Logan Rd, Woolloongabba QLD 4102", "departments": "", "email": "admin@americancollege.edu.au", "Lat": "-27.4936", "Lon": "153.0416"}}, {"model": "dbview.colleges", "pk": 20, "fields": {"name": "Nazarene Theological College", "address": "40 Woodlands Dr, Thornlands QLD 4164", "departments": "", "email": "info@nbc.edu", "Lat": "-27.5715", "Lon": "153.251"}}, {"model": "dbview.libraries", "pk": 1, "fields": {"name": "Brisbane Square Library", "address": "266 George St", "phone_number": "07 3403 4166", "email": "N/A", "Lat": "-27.4708", "Lon": "153.0225"}}, {"model": "dbview.libraries", "pk": 2, "fields": {"name": "Supreme Court of Queensland Library", "address": "415 George St", "phone_number": "07 3247 4373", "email": "librarian@sclqld.org.au", "Lat": "-27.4676", "Lon": "153.0207"}}, {"model": "dbview.libraries", "pk": 3, "fields": {"name": "QUT Law Library", "address": "2 George St", "phone_number": "07 3138 2000", "email": "askqut@qut.edu.au", "Lat": "-27.4518", "Lon": "153.0167"}}, {"model": "dbview.libraries", "pk": 4, "fields": {"name": "State Library of Queensland", "address": "Stanley Pl", "phone_number": "07 3840 7666", "email": "N/A", "Lat": "-27.4712", "Lon": "153.0181"}}, {"model": "dbview.libraries", "pk": 5, "fields": {"name": "UQ/Mater McAuley Library", "address": "Mater Health Sciences, South Brisbane QLD 4101", "phone_number": "(07) 3163 1689", "email": "web.library.uq.edu.au", "Lat": "-27.4866", "Lon": "153.0275"}}, {"model": "dbview.libraries", "pk": 6, "fields": {"name": "Herston Health Sciences Library", "address": "Block 6, Herston Rd, Brisbane City QLD 4029", "phone_number": "(07) 3365 5353", "email": "web.library.uq.edu.au", "Lat": "-27.4488", "Lon": "153.0277"}}, {"model": "dbview.libraries", "pk": 7, "fields": {"name": "Mathew Hale Public Library", "address": "160 Vulture St, South Brisbane QLD 4101", "phone_number": "0411 271 787", "email": "www.mathewhalepubliclibrary.com", "Lat": "-27.4819", "Lon": "153.0192"}}, {"model": "dbview.libraries", "pk": 8, "fields": {"name": "Brisbane City Council - New Farm Library", "address": "135 Sydney St, New Farm QLD 4005", "phone_number": "(07) 3403 8888", "email": "www.brisbane.qld.gov.au", "Lat": "-27.4673", "Lon": "153.0495"}}, {"model": "dbview.libraries", "pk": 9, "fields": {"name": "Chermside Library", "address": "375 Hamilton Rd, Chermside QLD 4032", "phone_number": "(07) 3403 7200", "email": "www.brisbane.qld.gov.a", "Lat": "-27.3862", "Lon": "153.0349"}}, {"model": "dbview.libraries", "pk": 10, "fields": {"name": "Toowong Municipal Library Building", "address": "Toowon Village Shopping Centre, Sherwood Road, Toowong QLD 4066", "phone_number": "(07) 3403 8888", "email": "www.brisbane.qld.gov.au", "Lat": "-27.4851", "Lon": "152.9925"}}, {"model": "dbview.libraries", "pk": 11, "fields": {"name": "Corinda Library", "address": "641 Oxley Rd, Brisbane QLD 4075", "phone_number": "(07) 3407 7701", "email": "www.brisbane.qld.gov.au", "Lat": "-27.5389", "Lon": "152.9815"}}, {"model": "dbview.libraries", "pk": 12, "fields": {"name": "Brisbane City Council - Annerley Library", "address": "450 Ipswich Rd, Annerley QLD 4103", "phone_number": "(07) 3403 1735", "email": "www.brisbane.qld.gov.au", "Lat": "-27.5094", "Lon": "153.0333"}}, {"model": "dbview.libraries", "pk": 13, "fields": {"name": "Brisbane City Council - Grange Library", "address": "79 Evelyn St, Grange QLD 4051", "phone_number": "(07) 3407 2523", "email": "www.brisbane.qld.gov.au", "Lat": "-27.4251", "Lon": "153.0175"}}, {"model": "dbview.libraries", "pk": 14, "fields": {"name": "Queensland Conservatorium Griffith University", "address": "S01, 140 Grey St, South Brisbane QLD 4101", "phone_number": "(07) 3735 5555", "email": "www.griffith.edu.au", "Lat": "-27.4762", "Lon": "153.0202"}}, {"model": "dbview.libraries", "pk": 15, "fields": {"name": "Brisbane City Council - Ashgrove Library", "address": "87 Amarina Ave, Ashgrove QLD 4060", "phone_number": "(07) 3407 1940", "email": "www.brisbane.qld.gov.au", "Lat": "-27.4439", "Lon": "152.9871"}}, {"model": "dbview.libraries", "pk": 16, "fields": {"name": "Noah's Ark Educational Resource Library", "address": "20 Norman St, East Brisbane QLD 4169", "phone_number": "1300 497 437", "email": "noahsarkinc.org.au", "Lat": "-27.4873", "Lon": "153.0457"}}, {"model": "dbview.libraries", "pk": 17, "fields": {"name": "Brisbane City Council Libraries", "address": "Fairfield Gardens Shopping Ctr, Fairfield Road, Fairfield QLD 4103", "phone_number": "(07) 3403 8888", "email": "www.brisbane.qld.gov.au", "Lat": "-27.5091", "Lon": "153.0267"}}, {"model": "dbview.libraries", "pk": 18, "fields": {"name": "Brisbane City Council - Carina Library", "address": "Mayfield Rd & Nyrang St, Carina QLD 4152", "phone_number": "(07) 3407 1873", "email": "www.brisbane.qld.gov.au", "Lat": "-27.4933", "Lon": "153.0900"}}, {"model": "dbview.libraries", "pk": 19, "fields": {"name": "Brisbane City Council - Nundah Library", "address": "1 Bage St, Nundah QLD 4012", "phone_number": "(07) 3403 8888", "email": "www.brisbane.qld.gov.au", "Lat": "-27.4012", "Lon": "153.0583"}}, {"model": "dbview.libraries", "pk": 20, "fields": {"name": "QUT Gardens Point Library", "address": "V Block, Gardens Point Campus, 2 George St, Brisbane City QLD 4001", "phone_number": "(07) 3138 2000", "email": "askqut@qut.edu.au", "Lat": "-27.4770", "Lon": "153.0283"}}, {"model": "dbview.industries", "pk": 1, "fields": {"name": "Woolworths", "address": "259 Queen Street, Brisbane, QLD, 4000", "phone_number": "0736484357", "email": "newshoponline@woolworths.com.au", "Lat": "-27.4688", "Lon": "153.0277"}}, {"model": "dbview.industries", "pk": 2, "fields": {"name": "Ultra Tune South Brisbane", "address": "30 Merivale St, South Brisbane QLD 4101", "phone_number": "0738444153", "email": "ultraho@ultratune.com.au", "Lat": "-27.4746", "Lon": "153.0160"}}, {"model": "dbview.industries", "pk": 3, "fields": {"name": "McDonalds Central Station QLD", "address": "Ann Street Shop 3 The Concourse, Brisbane City QLD 4000", "phone_number": "0732114153", "email": "NA", "Lat": "-27.4659", "Lon": "153.0258"}}, {"model": "dbview.industries", "pk": 4, "fields": {"name": "Deloitte Australia", "address": "123 Eagle St, Brisbane City QLD 4000", "phone_number": "0733087000", "email": "NA", "Lat": "-27.4672", "Lon": "153.0302"}}, {"model": "dbview.industries", "pk": 5, "fields": {"name": "Nicet Industries", "address": "6/135 Wickham Terrace, Brisbane City QLD 4000", "phone_number": "0731142755", "email": "NA", "Lat": "-27.4643", "Lon": "153.0253"}}, {"model": "dbview.industries", "pk": 6, "fields": {"name": "All Cool Industries", "address": "10/239 George St, Brisbane City QLD 4000", "phone_number": "0732893005", "email": "NA", "Lat": "-27.4702", "Lon": "153.0233"}}, {"model": "dbview.industries", "pk": 7, "fields": {"name": "SPP Industries Pty. Ltd.", "address": "137 Melbourne St, South Brisbane QLD 4101", "phone_number": "0735055906", "email": "spp@gmail.com", "Lat": "-27.4755", "Lon": "153.0149"}}, {"model": "dbview.industries", "pk": 8, "fields": {"name": "Techloc Industries PTY Ltd.", "address": "57 Wellington Rd, East Brisbane QLD 4169", "phone_number": "0733240788", "email": "techloc@hotmail.com", "Lat": "-27.4868", "Lon": "153.0403"}}, {"model": "dbview.industries", "pk": 9, "fields": {"name": "Langford Metal Industries Pty Ltd", "address": "44 Curtin Ave W, Eagle Farm QLD 4009", "phone_number": "0736069000", "email": "NA", "Lat": "-27.4379", "Lon": "153.0737"}}, {"model": "dbview.industries", "pk": 10, "fields": {"name": "Vital Chemical", "address": "304 Brisbane Terrace, Goodna QLD 4300", "phone_number": "0732883500", "email": "vital@ymail.com", "Lat": "-27.5980", "Lon": "152.8857"}}, {"model": "dbview.industries", "pk": 11, "fields": {"name": "Ashden Industries", "address": "Unit1/13 Deakin St, Brendale, Brisbane QLD 4500", "phone_number": "0732051366", "email": "ashden.com.au", "Lat": "-27.3242", "Lon": "152.9914"}}, {"model": "dbview.industries", "pk": 12, "fields": {"name": "Pertronic Industries", "address": "Unit 3 43/49 Sandgate Rd, Albion QLD 4010", "phone_number": "032552222", "email": "NA", "Lat": "-27.4390", "Lon": "153.0433"}}, {"model": "dbview.industries", "pk": 13, "fields": {"name": "Wild Industries", "address": "35A Manton St, Morningside QLD 4170", "phone_number": "0738496666", "email": "NA", "Lat": "-27.4533", "Lon": "153.0764"}}, {"model": "dbview.industries", "pk": 14, "fields": {"name": "Magic Door Industires Pty LTD", "address": "4 Devlan St, Mansfield QLD 4122", "phone_number": "0733765552", "email": "magicdoor.com.au", "Lat": "-27.5326", "Lon": "153.0969"}}, {"model": "dbview.industries", "pk": 15, "fields": {"name": "Comtech Industries", "address": "76 Ebbern St, Brisbane QLD 4076", "phone_number": "0733765552", "email": "www.comtech-industries.com", "Lat": "-27.5667", "Lon": "152.9488"}}, {"model": "dbview.industries", "pk": 16, "fields": {"name": "Palmer Steel Industries", "address": "429 Creek Rd, Mount Gravatt QLD 4122", "phone_number": "0733499111", "email": "NA", "Lat": "-27.5276", "Lon": "153.0962"}}, {"model": "dbview.industries", "pk": 17, "fields": {"name": "Rodney Industries Pty Ltd", "address": "19 Valente Cl, Chermside QLD 4032", "phone_number": "0736240300", "email": "www.rodneyind.com.au", "Lat": "-27.3935", "Lon": "153.0251"}}, {"model": "dbview.industries", "pk": 18, "fields": {"name": "Premier Sign Industries Pty Ltd", "address": "1/31 Brecknock St, Archerfield QLD 4108", "phone_number": "0732775799", "email": "www.premiersignindustries.com.au", "Lat": "-27.5618", "Lon": "153.0180"}}, {"model": "dbview.industries", "pk": 19, "fields": {"name": "Rogers Industries", "address": "1284 Lytton Rd, Hemmant QLD 4174", "phone_number": "0733904022", "email": "www.rogersindustries.com.au", "Lat": "-27.4439", "Lon": "153.1215"}}, {"model": "dbview.industries", "pk": 20, "fields": {"name": "Trailer Industries PTY LTD", "address": "49 Macbarry Pl, Rocklea QLD 4106", "phone_number": "0732773944", "email": "NA", "Lat": "-27.5494", "Lon": "153.0022"}}, {"model": "dbview.hotels", "pk": 1, "fields": {"name": "Holiday Inn Express Brisbane Central", "address": "168 Wharf Street, Spring Hill, Brisbane City QLD 4000", "phone_number": "07 3833 8888", "email": "info@hiexbrisbane.com.au", "Lat": "-27.4628", "Lon": "153.0271"}}, {"model": "dbview.hotels", "pk": 2, "fields": {"name": "Gambaro Hotel", "address": "33 Caxton St, Petrie Terrace QLD 4000", "phone_number": "07 3369 9500", "email": "reservations@gambarohotel.com.au", "Lat": "-27.4642", "Lon": "153.0128"}}, {"model": "dbview.hotels", "pk": 3, "fields": {"name": "ibis Styles Brisbane Elizabeth Street", "address": "40 Elizabeth St, Brisbane City QLD 4000", "phone_number": "07 3337 9000", "email": "inquiries@accor.com", "Lat": "-27.4714", "Lon": "153.0245"}}, {"model": "dbview.hotels", "pk": 4, "fields": {"name": "The Great Southern Hotel Brisbane", "address": "103 George St, Brisbane City QLD 4000", "phone_number": "07 3221 6044", "email": "reservations103g@greatsouthernhotel.com.au", "Lat": "-27.4728", "Lon": "153.0257"}}, {"model": "dbview.hotels", "pk": 5, "fields": {"name": "Prince of Wales Hotel", "address": "1154 Sandgate Rd, Nundah QLD 4012", "phone_number": "07 3266 8077", "email": "prince.of.wales.hotel@alhgroup.com.au", "Lat": "-27.4037", "Lon": "153.0601"}}, {"model": "dbview.hotels", "pk": 6, "fields": {"name": "Oakwood Hotel & Apartments Brisbane", "address": "15 Ivory Ln, Brisbane City QLD 4000", "phone_number": "07 3218 5800", "email": "reservations.oabr@oakwoodasia.com", "Lat": "-27.4615", "Lon": "153.0351"}}, {"model": "dbview.hotels", "pk": 7, "fields": {"name": "Hotel Grand Chancellor Brisbane", "address": "23 Leichhardt St, Brisbane City QLD 4000", "phone_number": "07 3831 4055", "email": "reservations@hgcbrisbane.com.au ", "Lat": "-27.4622", "Lon": "153.0218"}}, {"model": "dbview.hotels", "pk": 8, "fields": {"name": "Meriton Suites", "address": "485 Adelaide St, Brisbane City QLD 4000", "phone_number": "07 3171 5100", "email": "stay@meriton.net.au", "Lat": "-27.4623", "Lon": "153.0326"}}, {"model": "dbview.hotels", "pk": 9, "fields": {"name": "Best Western Astor Metropole Hotel & Apartments", "address": "193-197 Wickham Terrace, Brisbane City QLD 4000", "phone_number": "07 3144 4000", "email": "res@astorhotel.com.au", "Lat": "-27.4649", "Lon": "153.0240"}}, {"model": "dbview.hotels", "pk": 10, "fields": {"name": "Mercure Brisbane", "address": "85-87 N Quay, Brisbane City QLD 4000", "phone_number": "07 3237 2300", "email": "N/A", "Lat": "-27.4696", "Lon": "153.0212"}}, {"model": "dbview.hotels", "pk": 11, "fields": {"name": "Rydges South Bank Brisbane", "address": "9 Glenelg St, South Brisbane QLD 4101", "phone_number": "07 3364 0800", "email": "reservations_rydgessouthbank@evt.com", "Lat": "-27.4771", "Lon": "153.0203"}}, {"model": "dbview.hotels", "pk": 12, "fields": {"name": "George Williams Hotel", "address": "317-325 George St, Brisbane City QLD 4000", "phone_number": "07 3308 0700", "email": "reservations@georgewilliamshotel.com.au", "Lat": "-27.4689", "Lon": "153.0217"}}, {"model": "dbview.hotels", "pk": 13, "fields": {"name": "Mantra on Mary", "address": "70 Mary St, Brisbane City QLD 4000", "phone_number": "07 3503 8000", "email": "mary.res@mantra.com.au", "Lat": "-27.4720", "Lon": "153.0268"}}, {"model": "dbview.hotels", "pk": 14, "fields": {"name": "The Sebel", "address": "Albert St & Charlotte St, Brisbane City QLD 4000", "phone_number": "07 3224 3500", "email": "H8778@accor.com", "Lat": "-27.4710", "Lon": "153.0271"}}, {"model": "dbview.hotels", "pk": 15, "fields": {"name": "Hilton Brisbane", "address": "190 Elizabeth St, Brisbane City QLD 4000", "phone_number": "07 3234 2000", "email": "brisbane.info@hilton.com", "Lat": "-27.4692", "Lon": "153.0268"}}, {"model": "dbview.hotels", "pk": 16, "fields": {"name": "Hotel Urban Brisbane", "address": "345 Wickham Terrace, Spring Hill QLD 4000", "phone_number": "1800 777 789", "email": "N/A", "Lat": "-27.4642", "Lon": "153.0213"}}, {"model": "dbview.hotels", "pk": 17, "fields": {"name": "Four Points by Sheraton Brisbane", "address": "99 Mary St, Brisbane City QLD 4000", "phone_number": "07 3164 4000", "email": "fourpoints.brisbane@fourpoints.com", "Lat": "-27.4719", "Lon": "153.0282"}}, {"model": "dbview.hotels", "pk": 18, "fields": {"name": "Novotel Brisbane", "address": "200 Creek St, Brisbane City QLD 4000", "phone_number": "07 3309 3309", "email": "h1749@accor.com", "Lat": "-27.4636", "Lon": "153.0267"}}, {"model": "dbview.hotels", "pk": 19, "fields": {"name": "Mantra Terrace Hotel", "address": "52 Astor Terrace, Brisbane City QLD 4000", "phone_number": "07 3009 3400", "email": "terrace.res@mantra.com.au", "Lat": "-27.4632", "Lon": "153.0258"}}, {"model": "dbview.hotels", "pk": 20, "fields": {"name": "Pullman Brisbane King George Square", "address": "Ann St & Roma St, Brisbane City QLD 4000", "phone_number": "07 3229 9111", "email": "h8784@accor.com", "Lat": "-27.4682", "Lon": "153.0228"}}, {"model": "dbview.parks", "pk": 1, "fields": {"name": "King Edward Park", "address": "224 Turbot St, Brisbane City QLD 4000", "phone_number": "(07) 3403 8888", "email": "info@brisbanekids.com.au.", "Lat": "-27.4660", "Lon": "153.0240"}}, {"model": "dbview.parks", "pk": 2, "fields": {"name": "Kurilpa Point Park", "address": "1 Montague Rd, South Brisbane QLD 4101", "phone_number": "(07) 3403 8888", "email": "info@brisbanekids.com.au.", "Lat": "-27.4699", "Lon": "153.0166"}}, {"model": "dbview.parks", "pk": 3, "fields": {"name": "Roma Street Parkland", "address": "1 Parkland Blvd, Brisbane City QLD 4000", "phone_number": "1300 137 468", "email": "NA", "Lat": "-27.4637", "Lon": "153.0203"}}, {"model": "dbview.parks", "pk": 4, "fields": {"name": "Kalinga Park", "address": "31 Kalinga St, Clayfield QLD 4011", "phone_number": "(07) 3403 8888", "email": "info@brisbanekids.com.au.", "Lat": "-27.4087", "Lon": "153.0541"}}, {"model": "dbview.parks", "pk": 5, "fields": {"name": "Wharf Park", "address": "39 Waterloo St, Newstead QLD 4006", "phone_number": "(07) 3403 8888", "email": "info@brisbanekids.com.au.", "Lat": "-27.4476", "Lon": "153.0468"}}, {"model": "dbview.parks", "pk": 6, "fields": {"name": "Brisbane Parkour Park", "address": "455 Gregory Terrace, Fortitude Valley QLD 4006", "phone_number": "0422 417 715", "email": "contact@brisbaneparkour.com.au", "Lat": "-27.4528", "Lon": "153.0280"}}, {"model": "dbview.parks", "pk": 7, "fields": {"name": "Heath Park", "address": "East Brisbane QLD 4169", "phone_number": "(07) 3403 8888", "email": "info@brisbanekids.com.au.", "Lat": "-27.4786", "Lon": "153.0527"}}, {"model": "dbview.parks", "pk": 8, "fields": {"name": "Emma Miller Place", "address": "Brisbane City QLD 4000", "phone_number": "(07) 3403 8888", "email": "info@brisbanekids.com.au.", "Lat": "-27.4670", "Lon": "153.0222"}}, {"model": "dbview.parks", "pk": 9, "fields": {"name": "Mowbray Park", "address": "60 Lytton Rd, East Brisbane QLD 4169", "phone_number": "(07) 3403 8888", "email": "info@brisbanekids.com.au.", "Lat": "-27.4786", "Lon": "153.0441"}}, {"model": "dbview.parks", "pk": 10, "fields": {"name": "Real Park- Brisbane City Council", "address": "33 Heath St, East Brisbane QLD 4169", "phone_number": "(07) 3403 8888", "email": "info@brisbanekids.com.au.", "Lat": "-27.4806", "Lon": "153.0489"}}, {"model": "dbview.parks", "pk": 11, "fields": {"name": "Brisbane City Botanic Gardens", "address": "Alice St, Brisbane City QLD 4000", "phone_number": "(07) 3403 8888", "email": "info@brisbanekids.com.au.", "Lat": "-27.4745", "Lon": "153.0293"}}, {"model": "dbview.parks", "pk": 12, "fields": {"name": "South Brisbane War Memorial Park", "address": "459 Stanley St, South Brisbane QLD 4101", "phone_number": "(07) 3403 8888", "email": "info@brisbanekids.com.au.", "Lat": "-27.4825", "Lon": "153.0252"}}, {"model": "dbview.parks", "pk": 13, "fields": {"name": "Musgrave Park", "address": "121 Cordelia St, South Brisbane QLD 4101", "phone_number": "(07) 3846 5700", "email": "mpffdoperations@gmail.com", "Lat": "-27.4797", "Lon": "153.0177"}}, {"model": "dbview.parks", "pk": 14, "fields": {"name": "Clark Lane Park", "address": "518 Queen St, Brisbane City QLD 4000", "phone_number": "(07) 3846 5700", "email": "info@brisbanekids.com.au.", "Lat": "-27.4635", "Lon": "153.0311"}}, {"model": "dbview.parks", "pk": 15, "fields": {"name": "Admiralty Towers II Park", "address": "501 Queen St, Brisbane City QLD 4000", "phone_number": "(07) 3403 8888", "email": "info@brisbanekids.com.au.", "Lat": "-27.4644", "Lon": "153.0317"}}, {"model": "dbview.parks", "pk": 16, "fields": {"name": "Brisbane Corso Reserve Park", "address": "323 Brisbane Corso, Yeronga QLD 4104", "phone_number": "(07) 3403 8888", "email": "info@brisbanekids.com.au.", "Lat": "-27.5058", "Lon": "153.0141"}}, {"model": "dbview.parks", "pk": 17, "fields": {"name": "Queens Gardens", "address": "144 George St, Brisbane City QLD 4000", "phone_number": "(07) 3403 8888", "email": "info@brisbanekids.com.au.", "Lat": "-27.4723", "Lon": "153.0242"}}, {"model": "dbview.parks", "pk": 18, "fields": {"name": "Jolly Place Park", "address": "53 Grey St, South Brisbane QLD 4101", "phone_number": "(07) 3403 8888", "email": "info@brisbanekids.com.au.", "Lat": "-27.4719", "Lon": "153.0168"}}, {"model": "dbview.parks", "pk": 19, "fields": {"name": "Woolloongabba Rotary Park (Buranda Park, Fisher Street Playground, Tristram Playground)", "address": "19 Camberwell St, East Brisbane QLD 4169", "phone_number": "(07) 3403 8888", "email": "info@brisbanekids.com.au.", "Lat": "-27.4902", "Lon": "153.0427"}}, {"model": "dbview.parks", "pk": 20, "fields": {"name": "Moora Park", "address": "65 Park Parade, Shorncliffe QLD 4017", "phone_number": "(07) 3403 8888", "email": "info@brisbanekids.com.au.", "Lat": "-27.3245", "Lon": "153.0849"}}, {"model": "dbview.zoos", "pk": 1, "fields": {"name": "Alma Park Zoo Brisbane", "address": "Alma Road, Dakabin, QLD, 4503", "phone_number": "(07) 3204 6566", "email": "NA", "Lat": "-27.1336", "Lon": "152.5857"}}, {"model": "dbview.zoos", "pk": 2, "fields": {"name": "Brisbane Forest Park", "address": "60 Mt Nebo Road, THE GAP, QLD 4061", "phone_number": "(07) 3300 4855", "email": "brisbaneforestpark@epa.qld.gov.au", "Lat": "-27.437693249", "Lon": "152.916807999"}}, {"model": "dbview.zoos", "pk": 3, "fields": {"name": "Lone Pine Koala Sanctuary", "address": "708 Jesmond Rd, Fig Tree Pocket QLD 4069", "phone_number": "(07) 3378 1366", "email": "service@koala.net", "Lat": "-27.53343", "Lon": "152.96899"}}, {"model": "dbview.zoos", "pk": 4, "fields": {"name": "Animal Welfare League Qld", "address": "523 Telegraph Rd, Bracken Ridge QLD 4018", "phone_number": "(07) 3631 6800", "email": "info@awlqld.com.au", "Lat": "-27.3324", "Lon": "153.0430"}}, {"model": "dbview.zoos", "pk": 5, "fields": {"name": "The Cavy Cottage", "address": "2b 2/6 Railway Pde, Geebung QLD 4034", "phone_number": "0433 656 596", "email": "NA", "Lat": "-27.3694", "Lon": "153.0476"}}, {"model": "dbview.zoos", "pk": 6, "fields": {"name": "RSPCA Brisbane Animal Care Campus", "address": "139 Wacol Station Rd, Wacol QLD 4076", "phone_number": "(07) 3426 9999", "email": "admin@rspcaqld.org.au", "Lat": "-27.5681", "Lon": "152.9920"}}, {"model": "dbview.zoos", "pk": 7, "fields": {"name": "Cat Cuddle Caf\u00e9", "address": "4/160 Musgrave Rd, Red Hill QLD 4059", "phone_number": "(07) 3189 2426", "email": "contact@catcuddlecafe.com", "Lat": "-27.4549", "Lon": "153.0066"}}, {"model": "dbview.zoos", "pk": 8, "fields": {"name": "Peninsula Animal Aid", "address": "313 Duffield Rd, Clontarf QLD 4019", "phone_number": "(07) 3284 1927", "email": "paa@peninsulaanimalaid.com.au", "Lat": "-27.2416", "Lon": "153.0773"}}, {"model": "dbview.zoos", "pk": 9, "fields": {"name": "GC Pet Resorts Arundel", "address": "5/352 Brisbane Rd, Arundel QLD 4214", "phone_number": "(07) 5534 2292", "email": "goldcoastpetresorts@outlook.com.au", "Lat": "-27.9322", "Lon": "153.3732"}}, {"model": "dbview.zoos", "pk": 10, "fields": {"name": "RSPCA Dakabin", "address": "Goodwin Rd, Dakabin QLD 4503", "phone_number": "(07) 3886 0357", "email": "admin@rspcaqld.org.au", "Lat": "-27.2205", "Lon": "152.9942"}}, {"model": "dbview.zoos", "pk": 11, "fields": {"name": "Farm Animal Rescue", "address": "1713 Dayboro Rd, Dayboro QLD 4521", "phone_number": "0477 651 597", "email": "NA", "Lat": "-27.1965", "Lon": "152.8407"}}, {"model": "dbview.zoos", "pk": 12, "fields": {"name": "Brisbane Snake Catcher", "address": "Brisbane QLD", "phone_number": "0434 146 109", "email": "info@brisbane-snake-catcher.com.au", "Lat": "-27.5568", "Lon": "152.9426"}}, {"model": "dbview.zoos", "pk": 13, "fields": {"name": "Best Friends West Ipswich", "address": "339 Brisbane St, West Ipswich QLD 4305", "phone_number": "(07) 3432 5200", "email": "info@bfpets.com.au", "Lat": "-27.6195", "Lon": "152.7481"}}, {"model": "dbview.zoos", "pk": 14, "fields": {"name": "Hanrob Pet Hotels Brisbane", "address": "69 Backhouse Place, Eagle Farm QLD 4009", "phone_number": "1300 426 762", "email": "NA", "Lat": "-27.4258", "Lon": "153.0903"}}, {"model": "dbview.zoos", "pk": 15, "fields": {"name": "SnakeOut", "address": "89 Almeida St, Indooroopilly QLD 4068", "phone_number": "0456 880 903", "email": "info@snakeoutbrisbane.com.au", "Lat": "-27.5149", "Lon": "152.9552"}}, {"model": "dbview.zoos", "pk": 16, "fields": {"name": "Brisbane Bird Vet", "address": "248 Hamilton Rd, Chermside QLD 4032", "phone_number": "(07) 3359 2233", "email": "contactus@brisbanebirdvet.com.au", "Lat": "-27.3878", "Lon": "153.0403"}}, {"model": "dbview.zoos", "pk": 17, "fields": {"name": "Goat Veterinary Consultancies- goatvetoz", "address": "22 Lesina St, Brisbane QLD 4054", "phone_number": "(07) 3355 6404", "email": "goatvetoz@gmail.com", "Lat": "-27.4043", "Lon": "152.9622"}}, {"model": "dbview.zoos", "pk": 18, "fields": {"name": "Brisbane Bird & Exotics Veterinary Service", "address": "191 Cornwall St, Greenslopes QLD 4120", "phone_number": "(07) 3217 3533", "email": "NA", "Lat": "-27.5020", "Lon": "153.0387"}}, {"model": "dbview.zoos", "pk": 19, "fields": {"name": "The Cat Clinic", "address": "318 Junction Rd, Clayfield QLD 4011", "phone_number": "(07) 3357 9902", "email": "NA", "Lat": "-27.4149", "Lon": "153.0136"}}, {"model": "dbview.zoos", "pk": 20, "fields": {"name": "The Ark Veterinary Surgery", "address": "589 Robinson Rd W, Aspley QLD 4034", "phone_number": "(07) 3263 9977", "email": "info@arkvet.net.au", "Lat": "-27.3648", "Lon": "153.0227"}}, {"model": "dbview.museums", "pk": 1, "fields": {"name": "Museum of Brisbane", "address": "City Hall, 64 Adelaide St, Brisbane City QLD 4000", "phone_number": "(07) 3339 0800", "email": "info@museumofbrisbane.com.au", "Lat": "-27.4688", "Lon": "153.0236"}}, {"model": "dbview.museums", "pk": 2, "fields": {"name": "Queensland Museum & Science Centre", "address": "Grey St & Melbourne St, South Brisbane QLD 4101", "phone_number": "(07) 3840 7555", "email": "NA", "Lat": "-27.4731", "Lon": "153.0183"}}, {"model": "dbview.museums", "pk": 3, "fields": {"name": "MacArthur Museum Brisbane", "address": "MacArthur Chambers, 201 Edward St, Brisbane City QLD 4000", "phone_number": "(07) 3211 7052", "email": "www.mmb.org.au", "Lat": "-27.4685", "Lon": "153.0273"}}, {"model": "dbview.museums", "pk": 4, "fields": {"name": "Queensland Police Museum", "address": "200 Roma St, Brisbane City QLD 4000", "phone_number": "(07) 3364 6432", "email": "www.police.qld.gov.au", "Lat": "-27.4668", "Lon": "153.0180"}}, {"model": "dbview.museums", "pk": 5, "fields": {"name": "Queensland Art Gallery", "address": "Stanley Pl, South Brisbane QLD 4101", "phone_number": "(07) 3840 7303", "email": "www.qagoma.qld.gov.au", "Lat": "-27.4726", "Lon": "153.0187"}}, {"model": "dbview.museums", "pk": 6, "fields": {"name": "Commissariat Store, Brisbane", "address": "115 William St, Brisbane City QLD 4000", "phone_number": "(07) 3221 4198", "email": "www.commissariatstore.org.au", "Lat": "-27.4733", "Lon": "153.0242"}}, {"model": "dbview.museums", "pk": 7, "fields": {"name": "QUT Art Museum", "address": "2 George St, Brisbane City QLD 4000", "phone_number": "(07) 3138 5370", "email": "www.artmuseum.qut.edu.au", "Lat": "-27.4766", "Lon": "153.0289"}}, {"model": "dbview.museums", "pk": 8, "fields": {"name": "Queensland Maritime Museum", "address": "412 Stanley St, South Brisbane QLD 4101", "phone_number": "(07) 3844 5361", "email": "maritimemuseum.com.au", "Lat": "-27.4818", "Lon": "153.0256"}}, {"model": "dbview.museums", "pk": 9, "fields": {"name": "Brisbane Tramway Museum", "address": "50 Tramway St, Ferny Grove QLD 4055", "phone_number": "(07) 3351 1776", "email": "brisbanetramwaymuseum.org", "Lat": "-27.4073", "Lon": "152.9378"}}, {"model": "dbview.museums", "pk": 10, "fields": {"name": "Sir Thomas Brisbane Planetarium", "address": "Mount Coot Tha Rd, Toowong QLD 4066", "phone_number": "(07) 3403 2578", "email": "brisbane.qld.gov.au", "Lat": "-27.4757", "Lon": "152.9769"}}, {"model": "dbview.museums", "pk": 11, "fields": {"name": "UQ Anthropology Museum", "address": "Level 1, Michie Building (Building #9), University of Queensland, Chancellors Place, St Lucia QLD 4067", "phone_number": "(07) 3365 3111", "email": "anthropologymuseum.uq.edu.au", "Lat": "-27.4973", "Lon": "153.0118"}}, {"model": "dbview.museums", "pk": 12, "fields": {"name": "Newstead House", "address": "Newstead Park Cnr Breakfast Creek Rd & Newstead Ave, Breakfast Creek Rd, Brisbane City QLD 4006", "phone_number": "(07) 3216 1846", "email": "newsteadhouse.com.au", "Lat": "-27.4427", "Lon": "153.0460"}}, {"model": "dbview.museums", "pk": 13, "fields": {"name": "Brisbane Opal Museum", "address": "190/180 Albion Rd, Windsor QLD 4030", "phone_number": "(07) 3857 7740", "email": "brisbaneopalmuseum.com.au", "Lat": "-27.4294", "Lon": "153.0328"}}, {"model": "dbview.museums", "pk": 14, "fields": {"name": "Griffith University Art Museum", "address": "Queensland College of Art, 226 Grey St, South Brisbane QLD 4101", "phone_number": "(07) 3735 3140", "email": "griffith.edu.au", "Lat": "-27.4815", "Lon": "153.0243"}}, {"model": "dbview.museums", "pk": 15, "fields": {"name": "Customs House", "address": "399 Queen St, Brisbane City QLD 4000", "phone_number": "(07) 3365 8999", "email": "customshouse.com.au", "Lat": "-27.4654", "Lon": "153.0311"}}, {"model": "dbview.museums", "pk": 16, "fields": {"name": "Brisbane Powerhouse", "address": "119 Lamington St, New Farm QLD 4005", "phone_number": "(07) 3358 8600", "email": "brisbanepowerhouse.org", "Lat": "-27.4687", "Lon": "153.0539"}}, {"model": "dbview.museums", "pk": 17, "fields": {"name": "Hanworth House", "address": "109 Lytton Rd, East Brisbane QLD 4169", "phone_number": "(07) 3391 7311", "email": "hanworthhouse.com.au", "Lat": "-27.4793", "Lon": "153.0476"}}, {"model": "dbview.museums", "pk": 18, "fields": {"name": "Old Petrie Town", "address": "901 Dayboro Rd, Whiteside QLD 4503", "phone_number": "(07) 3285 5934", "email": "tompetrie.com.au", "Lat": "-27.2612", "Lon": "152.9536"}}, {"model": "dbview.museums", "pk": 19, "fields": {"name": "History Alive", "address": "Fort Lytton National Park, Lytton Road & South Street, Brisbane QLD 4178", "phone_number": "(07) 3393 4647", "email": "historyalive.org.au", "Lat": "-27.4103", "Lon": "153.1514"}}, {"model": "dbview.museums", "pk": 20, "fields": {"name": "Old Government House", "address": "Qut Gardens Point Campus, Main Drive;, 2 George St, Brisbane City QLD 4000", "phone_number": "(07) 3138 8005", "email": "ogh.qut.edu.au", "Lat": "-27.4773", "Lon": "153.0291"}}, {"model": "dbview.restaurants", "pk": 1, "fields": {"name": "Jellyfish", "address": "123 Eagle St, Brisbane City QLD 4000", "phone_number": "(07) 3220 2202", "email": "reservations@jellyfishrestaurant.com.au", "Lat": "-27.4672", "Lon": "153.0302"}}, {"model": "dbview.restaurants", "pk": 2, "fields": {"name": "Sak\u00e9 Restaurant & Bar", "address": "45 Eagle St, Brisbane City QLD 4000", "phone_number": "(07) 3015 0557", "email": "reservations@sakerestaurant.com.au", "Lat": "-27.4690", "Lon": "153.0305"}}, {"model": "dbview.restaurants", "pk": 3, "fields": {"name": "Urbane Restaurant", "address": "181 Mary St, Brisbane City QLD 4000", "phone_number": "(07) 3229 2271", "email": "reservations@urbanerestaurant.com", "Lat": "-27.4704", "Lon": "153.0295"}}, {"model": "dbview.restaurants", "pk": 4, "fields": {"name": "Va Bene Restaurant", "address": "Bryden St, Brisbane City QLD 4030", "phone_number": "(07) 3357 3456", "email": "windsor@brisbaneinternationalhotels.com.au", "Lat": "-27.4386", "Lon": "153.0316"}}, {"model": "dbview.restaurants", "pk": 5, "fields": {"name": "e'cco bistro", "address": "100 Boundary St, Brisbane QLD 4000", "phone_number": "(07) 3831 8344", "email": "mail@eccobistro.com", "Lat": "-27.4621", "Lon": "153.0322"}}, {"model": "dbview.restaurants", "pk": 6, "fields": {"name": "Customs House", "address": "399 Queen St, Brisbane City QLD 4000", "phone_number": "07) 3365 8999", "email": "info@customshouse.com.au", "Lat": "-27.4654", "Lon": "153.0311"}}, {"model": "dbview.restaurants", "pk": 7, "fields": {"name": "Alchemy Restaurant & Bar", "address": "175 Eagle St, Brisbane City QLD 4000", "phone_number": "(07) 3229 3175", "email": "mail@alchemyrestaurant.com.au", "Lat": "-27.4658", "Lon": "153.0309"}}, {"model": "dbview.restaurants", "pk": 8, "fields": {"name": "Blackbird Bar & Grill", "address": "Riverside Centre, 123 Eagle St, Brisbane City QLD 4000", "phone_number": "(07) 3229 1200", "email": "info@blackbirdbrisbane.com.au", "Lat": "-27.4671", "Lon": "153.0304"}}, {"model": "dbview.restaurants", "pk": 9, "fields": {"name": "Esquire", "address": "145 Eagle St, Brisbane City QLD 4000", "phone_number": "(07) 3220 2123", "email": "eat@esquire.net.au", "Lat": "-27.4665", "Lon": "153.0305"}}, {"model": "dbview.restaurants", "pk": 10, "fields": {"name": "Kingsleys Brisbane", "address": "71 Eagle St, Brisbane City QLD 4000", "phone_number": "(07) 3051 7650", "email": "admin@kingsleysbrisbane.com.au", "Lat": "-27.4680", "Lon": "153.0305"}}, {"model": "dbview.restaurants", "pk": 11, "fields": {"name": "Prive249", "address": "Sofitel Brisbane Central, 249 Turbot St, Brisbane City QLD 4000", "phone_number": "(07) 3835 3535", "email": "H5992@sofitel.com", "Lat": "-27.4657", "Lon": "153.0260"}}, {"model": "dbview.restaurants", "pk": 12, "fields": {"name": "Thyme2 Restaurant", "address": "249 Turbot St, Brisbane City QLD 4000", "phone_number": "(07) 3835 3535", "email": "H5992@sofitel.com", "Lat": "-27.4657", "Lon": "153.0259"}}, {"model": "dbview.restaurants", "pk": 13, "fields": {"name": "Jamie's Italian Brisbane", "address": "237 Edward St, Brisbane City QLD 4000", "phone_number": "(07) 3144 3000", "email": "NA", "Lat": "-27.4677", "Lon": "153.0266"}}, {"model": "dbview.restaurants", "pk": 14, "fields": {"name": "George's Paragon Seafood Restaurant Brisbane", "address": "1/10 Eagle St, Brisbane City QLD 4000", "phone_number": "(07) 3211 8111", "email": "info@georgeseaglestreet.com.au", "Lat": "-27.4696", "Lon": "153.0307"}}, {"model": "dbview.restaurants", "pk": 15, "fields": {"name": "Malt Dining", "address": "28 Market St, Brisbane City QLD 4000", "phone_number": "(07) 3236 4855", "email": "enquiries@maltdining.com.au", "Lat": "-27.4693", "Lon": "153.0294"}}, {"model": "dbview.restaurants", "pk": 16, "fields": {"name": "Indian Mehfil Brisbane", "address": "10 Felix St, Brisbane City QLD 4000", "phone_number": "(07) 3211 7354", "email": "cbd@mehfil.com.au", "Lat": "-27.4710", "Lon": "153.0302"}}, {"model": "dbview.restaurants", "pk": 17, "fields": {"name": "Moo Moo The Wine Bar + Grill Brisbane", "address": "39 Edward St, Brisbane City QLD 4000", "phone_number": "(07) 3236 4500", "email": "NA", "Lat": "-27.4713", "Lon": "153.0302"}}, {"model": "dbview.restaurants", "pk": 18, "fields": {"name": "Moda Restaurant", "address": "12 Edward St, Brisbane City QLD 4000", "phone_number": "(07) 3221 7655", "email": "NA", "Lat": "-27.4720", "Lon": "153.0301"}}, {"model": "dbview.restaurants", "pk": 19, "fields": {"name": "Gambaro Seafood Restauran", "address": "33 Caxton St, Brisbane City QLD 4000", "phone_number": "(07) 3369 9500", "email": "restaurant@gambaros.com.au", "Lat": "-27.4642", "Lon": "153.0127"}}, {"model": "dbview.restaurants", "pk": 20, "fields": {"name": "Fat Noodle Asian Restaurant", "address": "Treasury Casino, George St & Queen St, Brisbane City QLD 4000", "phone_number": "(07) 3306 8888", "email": "brtcswitchboard@star.com.au", "Lat": "-27.4713", "Lon": "153.0236"}}, {"model": "dbview.malls", "pk": 1, "fields": {"name": "Queens Street Mall", "address": "Queens Street Mall, Queens Street, Brisbane City, QLD, 4000", "phone_number": "07 3006 6920", "email": "N/A", "Lat": "-27.4696", "Lon": "153.0253"}}, {"model": "dbview.malls", "pk": 2, "fields": {"name": "Queens Plaza", "address": "226 Queen Street, Brisbane City, QLD, 4000", "phone_number": "07 3234 3900", "email": "QueensPlaza.CustomerService@vicinity.com.au", "Lat": "-27.4682", "Lon": "153.0262"}}, {"model": "dbview.malls", "pk": 3, "fields": {"name": "Brisbane Arcade", "address": "160 Queen St, Brisbane City QLD 4000", "phone_number": "07 3231 9777", "email": "info@bne.mcgees.com.au", "Lat": "-27.4690", "Lon": "153.0254"}}, {"model": "dbview.malls", "pk": 4, "fields": {"name": "Wintergarden", "address": "171-209 Queen St, Brisbane City QLD 4000", "phone_number": "07 3229 9755", "email": "N/A", "Lat": "-27.4694", "Lon": "153.0265"}}, {"model": "dbview.malls", "pk": 5, "fields": {"name": "The Myer Centre", "address": "91 Queen St, Brisbane City QLD 4000", "phone_number": "07 3223 6900", "email": "Brisbane.MyerCentre@vicinity.com.au", "Lat": "-27.4708", "Lon": "153.0246"}}, {"model": "dbview.malls", "pk": 6, "fields": {"name": "MacArthur Central", "address": "255 Queen St, Brisbane City QLD 4000", "phone_number": "07 3007 2300", "email": "info@macarthurcentral.com", "Lat": "-27.4685", "Lon": "153.0277"}}, {"model": "dbview.malls", "pk": 7, "fields": {"name": "Tattersail's Arcade", "address": "215 Queen St, Brisbane City QLD 4000", "phone_number": "07 3331 8888", "email": "N/A", "Lat": "-27.4687", "Lon": "153.0271"}}, {"model": "dbview.malls", "pk": 8, "fields": {"name": "The Gap Village Shopping Centre", "address": "1000 Waterworks Rd, Brisbane QLD 4061", "phone_number": "07 3300 3377", "email": "N/A", "Lat": "-27.4459", "Lon": "152.9525"}}, {"model": "dbview.malls", "pk": 9, "fields": {"name": "Skygate", "address": "11 The Circuit, Brisbane Airport QLD 4008", "phone_number": "07 3406 3000", "email": "N/A", "Lat": "-27.4149", "Lon": "153.0812"}}, {"model": "dbview.malls", "pk": 10, "fields": {"name": "Indooroopilly Shopping Centre", "address": "322 Moggill Rd, Indooroopilly QLD 4068", "phone_number": "07 3378 4022", "email": "info@indooroopillyshopping.com.au", "Lat": "-27.4996", "Lon": "152.9726"}}, {"model": "dbview.malls", "pk": 11, "fields": {"name": "Brunswick Street Mall", "address": "230 Brunswick St, Fortitude Valley QLD 4006", "phone_number": "0433 341 161", "email": "N/A", "Lat": "-27.4562", "Lon": "153.0336"}}, {"model": "dbview.malls", "pk": 12, "fields": {"name": "Chinatown", "address": "33 Duncan St, Fortitude Valley QLD 4006", "phone_number": "07 3006 6251", "email": "N/A", "Lat": "-27.4565", "Lon": "153.0345"}}, {"model": "dbview.malls", "pk": 13, "fields": {"name": "Merthyr Village Shopping Centre", "address": "85 Merthyr Rd, New Farm QLD 4005", "phone_number": "0409 477 787", "email": "info@merthyrvillage.com.au", "Lat": "-27.4668", "Lon": "153.0473"}}, {"model": "dbview.malls", "pk": 14, "fields": {"name": "Westfield Chermside", "address": "Gympie Rd & Hamilton Rd, Chermside QLD 4032", "phone_number": "07 3117 5300", "email": "chermside@scentregroup.com. ", "Lat": "-27.3847", "Lon": "153.0321"}}, {"model": "dbview.malls", "pk": 15, "fields": {"name": "Westfield Carindale", "address": "1151 Creek Rd, Carindale QLD 4152", "phone_number": "07 3120 5400", "email": "carindale@scentregroup.com. ", "Lat": "-27.5030", "Lon": "153.1016"}}, {"model": "dbview.malls", "pk": 16, "fields": {"name": "Lutwyche City", "address": "543 Lutwyche Rd, Lutwyche QLD 4030", "phone_number": "07 3857 5035", "email": "info@lutwychecity.com.au", "Lat": "-27.4222", "Lon": "153.0348"}}, {"model": "dbview.malls", "pk": 17, "fields": {"name": "Toowong Village", "address": "9 Sherwood Rd, Toowong QLD 4066", "phone_number": "07 3870 7177", "email": "toowongvillage@retailfirst.com.au", "Lat": "-27.4850", "Lon": "152.9929"}}, {"model": "dbview.malls", "pk": 18, "fields": {"name": "Fairfield Gardens Shopping Centre", "address": "180 Fairfield Rd, Fairfield QLD 4103", "phone_number": "07 3844 9831", "email": "fairfieldgardens@retailfirst.com.au", "Lat": "-27.5091", "Lon": "153.0260"}}, {"model": "dbview.malls", "pk": 19, "fields": {"name": "Brookside Shopping Centre", "address": "159 Osborne Rd, Mitchelton QLD 4053", "phone_number": "07 3355 5211", "email": "brookside@retailfirst.com.au", "Lat": "-27.4092", "Lon": "152.9794"}}, {"model": "dbview.malls", "pk": 20, "fields": {"name": "DFO", "address": "Corner and The Circuit, Skygate, 18th Avenue, Brisbane Airport QLD 4008", "phone_number": "07 3305 9250", "email": "DFOBrisbane.Reception@vicinity.com.au", "Lat": "-27.4162", "Lon": "153.0801"}}, {"model": "auth.permission", "pk": 1, "fields": {"name": "Can add log entry", "content_type": 1, "codename": "add_logentry"}}, {"model": "auth.permission", "pk": 2, "fields": {"name": "Can change log entry", "content_type": 1, "codename": "change_logentry"}}, {"model": "auth.permission", "pk": 3, "fields": {"name": "Can delete log entry", "content_type": 1, "codename": "delete_logentry"}}, {"model": "auth.permission", "pk": 4, "fields": {"name": "Can add permission", "content_type": 2, "codename": "add_permission"}}, {"model": "auth.permission", "pk": 5, "fields": {"name": "Can change permission", "content_type": 2, "codename": "change_permission"}}, {"model": "auth.permission", "pk": 6, "fields": {"name": "Can delete permission", "content_type": 2, "codename": "delete_permission"}}, {"model": "auth.permission", "pk": 7, "fields": {"name": "Can add group", "content_type": 3, "codename": "add_group"}}, {"model": "auth.permission", "pk": 8, "fields": {"name": "Can change group", "content_type": 3, "codename": "change_group"}}, {"model": "auth.permission", "pk": 9, "fields": {"name": "Can delete group", "content_type": 3, "codename": "delete_group"}}, {"model": "auth.permission", "pk": 10, "fields": {"name": "Can add user", "content_type": 4, "codename": "add_user"}}, {"model": "auth.permission", "pk": 11, "fields": {"name": "Can change user", "content_type": 4, "codename": "change_user"}}, {"model": "auth.permission", "pk": 12, "fields": {"name": "Can delete user", "content_type": 4, "codename": "delete_user"}}, {"model": "auth.permission", "pk": 13, "fields": {"name": "Can add content type", "content_type": 5, "codename": "add_contenttype"}}, {"model": "auth.permission", "pk": 14, "fields": {"name": "Can change content type", "content_type": 5, "codename": "change_contenttype"}}, {"model": "auth.permission", "pk": 15, "fields": {"name": "Can delete content type", "content_type": 5, "codename": "delete_contenttype"}}, {"model": "auth.permission", "pk": 16, "fields": {"name": "Can add session", "content_type": 6, "codename": "add_session"}}, {"model": "auth.permission", "pk": 17, "fields": {"name": "Can change session", "content_type": 6, "codename": "change_session"}}, {"model": "auth.permission", "pk": 18, "fields": {"name": "Can delete session", "content_type": 6, "codename": "delete_session"}}, {"model": "auth.permission", "pk": 19, "fields": {"name": "Can add colleges", "content_type": 7, "codename": "add_colleges"}}, {"model": "auth.permission", "pk": 20, "fields": {"name": "Can change colleges", "content_type": 7, "codename": "change_colleges"}}, {"model": "auth.permission", "pk": 21, "fields": {"name": "Can delete colleges", "content_type": 7, "codename": "delete_colleges"}}, {"model": "auth.permission", "pk": 22, "fields": {"name": "Can add libraries", "content_type": 8, "codename": "add_libraries"}}, {"model": "auth.permission", "pk": 23, "fields": {"name": "Can change libraries", "content_type": 8, "codename": "change_libraries"}}, {"model": "auth.permission", "pk": 24, "fields": {"name": "Can delete libraries", "content_type": 8, "codename": "delete_libraries"}}, {"model": "auth.permission", "pk": 25, "fields": {"name": "Can add industries", "content_type": 9, "codename": "add_industries"}}, {"model": "auth.permission", "pk": 26, "fields": {"name": "Can change industries", "content_type": 9, "codename": "change_industries"}}, {"model": "auth.permission", "pk": 27, "fields": {"name": "Can delete industries", "content_type": 9, "codename": "delete_industries"}}, {"model": "auth.permission", "pk": 28, "fields": {"name": "Can add hotels", "content_type": 10, "codename": "add_hotels"}}, {"model": "auth.permission", "pk": 29, "fields": {"name": "Can change hotels", "content_type": 10, "codename": "change_hotels"}}, {"model": "auth.permission", "pk": 30, "fields": {"name": "Can delete hotels", "content_type": 10, "codename": "delete_hotels"}}, {"model": "auth.permission", "pk": 31, "fields": {"name": "Can add parks", "content_type": 11, "codename": "add_parks"}}, {"model": "auth.permission", "pk": 32, "fields": {"name": "Can change parks", "content_type": 11, "codename": "change_parks"}}, {"model": "auth.permission", "pk": 33, "fields": {"name": "Can delete parks", "content_type": 11, "codename": "delete_parks"}}, {"model": "auth.permission", "pk": 34, "fields": {"name": "Can add zoos", "content_type": 12, "codename": "add_zoos"}}, {"model": "auth.permission", "pk": 35, "fields": {"name": "Can change zoos", "content_type": 12, "codename": "change_zoos"}}, {"model": "auth.permission", "pk": 36, "fields": {"name": "Can delete zoos", "content_type": 12, "codename": "delete_zoos"}}, {"model": "auth.permission", "pk": 37, "fields": {"name": "Can add museums", "content_type": 13, "codename": "add_museums"}}, {"model": "auth.permission", "pk": 38, "fields": {"name": "Can change museums", "content_type": 13, "codename": "change_museums"}}, {"model": "auth.permission", "pk": 39, "fields": {"name": "Can delete museums", "content_type": 13, "codename": "delete_museums"}}, {"model": "auth.permission", "pk": 40, "fields": {"name": "Can add restaurants", "content_type": 14, "codename": "add_restaurants"}}, {"model": "auth.permission", "pk": 41, "fields": {"name": "Can change restaurants", "content_type": 14, "codename": "change_restaurants"}}, {"model": "auth.permission", "pk": 42, "fields": {"name": "Can delete restaurants", "content_type": 14, "codename": "delete_restaurants"}}, {"model": "auth.permission", "pk": 43, "fields": {"name": "Can add malls", "content_type": 15, "codename": "add_malls"}}, {"model": "auth.permission", "pk": 44, "fields": {"name": "Can change malls", "content_type": 15, "codename": "change_malls"}}, {"model": "auth.permission", "pk": 45, "fields": {"name": "Can delete malls", "content_type": 15, "codename": "delete_malls"}}, {"model": "auth.permission", "pk": 46, "fields": {"name": "Can add profile", "content_type": 16, "codename": "add_profile"}}, {"model": "auth.permission", "pk": 47, "fields": {"name": "Can change profile", "content_type": 16, "codename": "change_profile"}}, {"model": "auth.permission", "pk": 48, "fields": {"name": "Can delete profile", "content_type": 16, "codename": "delete_profile"}}, {"model": "auth.user", "pk": 1, "fields": {"password": "pbkdf2_sha256$36000$mkWNhdnJhxFW$glpLrIG6Kzml4jYlrohYi0QoupRY5j011ed2SHoQBM8=", "last_login": "2017-10-13T00:22:24.296Z", "is_superuser": false, "username": "BillyBob", "first_name": "", "last_name": "", "email": "bill@bob.com", "is_staff": false, "is_active": true, "date_joined": "2017-10-11T01:50:29.243Z", "groups": [], "user_permissions": []}}, {"model": "auth.user", "pk": 2, "fields": {"password": "pbkdf2_sha256$36000$YytGM1JsV8Cw$pEjqi0I36RX+dbr8BekGB1KtaT9aQPAw3kq9/WY9ccs=", "last_login": null, "is_superuser": false, "username": "Timmy Turner", "first_name": "", "last_name": "", "email": "TT@tt.com", "is_staff": false, "is_active": true, "date_joined": "2017-10-18T01:06:21.520Z", "groups": [], "user_permissions": []}}, {"model": "auth.user", "pk": 3, "fields": {"password": "pbkdf2_sha256$36000$YGZ7ohe3bYaD$2GHzqN5GSSeNqDNCW66Tdqm1ZZ19gD9XA5+P+mNLxYY=", "last_login": "2017-10-18T04:42:48.520Z", "is_superuser": false, "username": "Jimmy", "first_name": "", "last_name": "", "email": "Jimmy@jimmy.com", "is_staff": false, "is_active": true, "date_joined": "2017-10-18T01:07:24.366Z", "groups": [], "user_permissions": []}}, {"model": "auth.user", "pk": 4, "fields": {"password": "pbkdf2_sha256$36000$lYpwQEZDqPQU$vYFPBWin0qfsicEsGYZqIRegthO//tEiqDqc1nwRdmY=", "last_login": "2017-10-18T01:14:53.492Z", "is_superuser": false, "username": "ya boi", "first_name": "", "last_name": "", "email": "yaboi@yaboi.com", "is_staff": false, "is_active": true, "date_joined": "2017-10-18T01:14:06.154Z", "groups": [], "user_permissions": []}}, {"model": "auth.user", "pk": 5, "fields": {"password": "pbkdf2_sha256$36000$9OmIEHZ0d0mO$zsUevgUV5ndCLKTO46TURTiL2J7jrkkKCIRTdb8cDGg=", "last_login": "2017-10-18T04:16:59.145Z", "is_superuser": false, "username": "Timmy", "first_name": "", "last_name": "", "email": "TT@tt.com", "is_staff": false, "is_active": true, "date_joined": "2017-10-18T04:16:48.794Z", "groups": [], "user_permissions": []}}, {"model": "auth.user", "pk": 6, "fields": {"password": "pbkdf2_sha256$36000$kDjyr6F3bjaH$EAnR4LYHTAz3MSQGyCGD3pZxIPPpQyEImkeqTY2WByE=", "last_login": "2017-10-18T04:26:03.874Z", "is_superuser": false, "username": "minecraft lets play", "first_name": "", "last_name": "", "email": "lukeh@thebomb.com", "is_staff": false, "is_active": true, "date_joined": "2017-10-18T04:25:38.169Z", "groups": [], "user_permissions": []}}, {"model": "auth.user", "pk": 7, "fields": {"password": "pbkdf2_sha256$36000$wmRZxy4A7kxK$uRHXwAQ3bYB5JEvgxjCTLMdNuCVFfaNBsLwLV4MMQGs=", "last_login": "2017-10-18T04:29:25.422Z", "is_superuser": false, "username": "Sandali_D", "first_name": "", "last_name": "", "email": "sandali@ymail.com", "is_staff": false, "is_active": true, "date_joined": "2017-10-18T04:27:49.382Z", "groups": [], "user_permissions": []}}, {"model": "auth.user", "pk": 8, "fields": {"password": "pbkdf2_sha256$36000$hW6Fh0UFbrfy$lMWsOyrFt5NoS+pc+y25xMYVrSigU5jHimeH6A1hwQ8=", "last_login": null, "is_superuser": false, "username": "Timmy2", "first_name": "", "last_name": "", "email": "Timmy@timmy.com", "is_staff": false, "is_active": true, "date_joined": "2017-10-27T08:13:55.398Z", "groups": [], "user_permissions": []}}, {"model": "auth.user", "pk": 9, "fields": {"password": "pbkdf2_sha256$36000$Z98Ad4fKv61y$fhPgnjCsxEq+/fi4iXrPPuTmL5WXKr5KfEDoT6KPr7M=", "last_login": null, "is_superuser": false, "username": "Timmy3", "first_name": "", "last_name": "", "email": "Timmy@timmy.com", "is_staff": false, "is_active": true, "date_joined": "2017-10-27T08:15:52.163Z", "groups": [], "user_permissions": []}}, {"model": "auth.user", "pk": 10, "fields": {"password": "pbkdf2_sha256$36000$DxiFZdtgRmf5$8DxLg5vo/Nt8Hm4Lq24ej3HbZuxNb2qeFkrM+a+rUIo=", "last_login": null, "is_superuser": false, "username": "Timmy44", "first_name": "", "last_name": "", "email": "Timmy@timmy.com", "is_staff": false, "is_active": true, "date_joined": "2017-10-27T08:18:56.317Z", "groups": [], "user_permissions": []}}, {"model": "auth.user", "pk": 11, "fields": {"password": "pbkdf2_sha256$36000$9fJepvhpIJJU$6+cE+IRATVsIBOCVGz2scsTJYeBr3rL+FOLZ9Eyfy54=", "last_login": "2017-10-27T08:20:50.595Z", "is_superuser": false, "username": "Timmy444", "first_name": "", "last_name": "", "email": "Timmy@timmy.com", "is_staff": false, "is_active": true, "date_joined": "2017-10-27T08:20:42.132Z", "groups": [], "user_permissions": []}}, {"model": "auth.user", "pk": 12, "fields": {"password": "pbkdf2_sha256$36000$TAxB9attvM3d$HbRH5lZxAcfZUvsNMBsZzdkiG3hJnPmOd65XPkKhPK4=", "last_login": "2017-10-27T08:21:21.800Z", "is_superuser": false, "username": "Timmy66", "first_name": "", "last_name": "", "email": "Timmy@timmy.com", "is_staff": false, "is_active": true, "date_joined": "2017-10-27T08:21:15.580Z", "groups": [], "user_permissions": []}}, {"model": "auth.user", "pk": 13, "fields": {"password": "pbkdf2_sha256$36000$rX4XfC8ToMYH$+59iK5ivAXt6B+PIac5su45kvtuX5UDQf6wi3qZHi0A=", "last_login": null, "is_superuser": false, "username": "Timmy123", "first_name": "", "last_name": "", "email": "Timmy@timmy.com", "is_staff": false, "is_active": true, "date_joined": "2017-10-27T08:23:43.406Z", "groups": [], "user_permissions": []}}, {"model": "auth.user", "pk": 14, "fields": {"password": "pbkdf2_sha256$36000$bxPCs4ln5qcB$KDkH1BfE3jeUBSqeOxJm4ZG2BrSlNUTmudAbIxM38LY=", "last_login": "2017-10-27T08:28:02.371Z", "is_superuser": false, "username": "Timmy1234", "first_name": "", "last_name": "", "email": "Timmy@timmy.com", "is_staff": false, "is_active": true, "date_joined": "2017-10-27T08:25:40.028Z", "groups": [], "user_permissions": []}}, {"model": "auth.user", "pk": 15, "fields": {"password": "pbkdf2_sha256$36000$2ymYwP7Nwtfd$JEjCgRs6JqxE5goCoDFNGRvGaAtl8mzBdgEyIBGfKsA=", "last_login": null, "is_superuser": false, "username": "Jimbo", "first_name": "", "last_name": "", "email": "Jimbo@somethin.com", "is_staff": false, "is_active": true, "date_joined": "2017-10-27T08:33:51.076Z", "groups": [], "user_permissions": []}}, {"model": "auth.user", "pk": 18, "fields": {"password": "pbkdf2_sha256$36000$NVJwv5yd89Ie$K4mBIHTj7ei1bW1wsTAAxDPMgm+kvDOc08RA46Rnz8A=", "last_login": "2017-10-31T04:21:17.306Z", "is_superuser": true, "username": "susan", "first_name": "", "last_name": "", "email": "susan@example.com", "is_staff": true, "is_active": true, "date_joined": "2017-10-30T06:30:02.879Z", "groups": [], "user_permissions": []}}, {"model": "auth.user", "pk": 19, "fields": {"password": "pbkdf2_sha256$36000$XabhsGg3scdB$ZS8ZfKGQN2+pSxFF2LYMil34SWlcmrI1/sm5I3fjX50=", "last_login": "2017-10-30T10:21:03.648Z", "is_superuser": false, "username": "n9878831", "first_name": "", "last_name": "", "email": "Sandali@gmail.com", "is_staff": false, "is_active": true, "date_joined": "2017-10-30T10:06:30.599Z", "groups": [], "user_permissions": []}}, {"model": "auth.user", "pk": 20, "fields": {"password": "pbkdf2_sha256$36000$XElybwAOGthy$h3etWxWNVl3kbZ0b6N/x6lqQmXrJfP14geUd9zXcWos=", "last_login": "2017-10-31T04:10:18.238Z", "is_superuser": false, "username": "n11111111student", "first_name": "", "last_name": "", "email": "n11111111@qut.edu.au", "is_staff": false, "is_active": true, "date_joined": "2017-10-31T03:59:35.886Z", "groups": [], "user_permissions": []}}, {"model": "auth.user", "pk": 21, "fields": {"password": "pbkdf2_sha256$36000$tRTQ1rLX5GPC$qPUYme9b9DcrINBlheLFy+Ornqf5AYC/NT8cdePNYz0=", "last_login": "2017-10-31T13:31:11.323Z", "is_superuser": true, "username": "superuser", "first_name": "", "last_name": "", "email": "super@user.com", "is_staff": true, "is_active": true, "date_joined": "2017-10-31T04:29:12.703Z", "groups": [], "user_permissions": []}}, {"model": "auth.user", "pk": 22, "fields": {"password": "pbkdf2_sha256$36000$UanFd9PiiPQg$1U04AnzVYypDjFyavx5W1xQ4kM5wXmwl2V4xe0nBKLc=", "last_login": null, "is_superuser": false, "username": "luke", "first_name": "", "last_name": "", "email": "lukeh@thing.com", "is_staff": false, "is_active": true, "date_joined": "2017-10-31T12:33:14.920Z", "groups": [], "user_permissions": []}}, {"model": "auth.user", "pk": 23, "fields": {"password": "pbkdf2_sha256$36000$dyBJ8AYOOLeh$AQ1lBbEEyashqzaEY5DHvnj0ETE8NpzHg/b2ffiY1Lw=", "last_login": null, "is_superuser": false, "username": "lukeh", "first_name": "", "last_name": "", "email": "lukeh@example.com", "is_staff": false, "is_active": true, "date_joined": "2017-10-31T12:34:47.738Z", "groups": [], "user_permissions": []}}, {"model": "auth.user", "pk": 24, "fields": {"password": "pbkdf2_sha256$36000$ExPNJYkadZjw$YzEp3t5bAvXkjJ4Im/qNL4RYBzyOZvhlyLhUNIkrHYc=", "last_login": null, "is_superuser": false, "username": "Sandali_Dee", "first_name": "", "last_name": "", "email": "san@gmail.com", "is_staff": false, "is_active": true, "date_joined": "2017-10-31T13:26:25.237Z", "groups": [], "user_permissions": []}}, {"model": "auth.user", "pk": 25, "fields": {"password": "pbkdf2_sha256$36000$EmaNdgPlldjy$uyb8ERQ3gfrxLsOuJVz73EPjX+8JS418PdJJLbFUZlw=", "last_login": null, "is_superuser": false, "username": "nishi_sandali", "first_name": "", "last_name": "", "email": "san@gmail.com", "is_staff": false, "is_active": true, "date_joined": "2017-10-31T13:27:17.430Z", "groups": [], "user_permissions": []}}, {"model": "auth.user", "pk": 27, "fields": {"password": "pbkdf2_sha256$36000$g9e7nIbVWTXt$pDmDkCyFT8M4DFrh4uN2CXZHnwPS5iRVf1d7zY5hHjg=", "last_login": null, "is_superuser": false, "username": "sandy", "first_name": "", "last_name": "", "email": "nishi_94@gmail.com", "is_staff": false, "is_active": true, "date_joined": "2017-10-31T13:40:11.750Z", "groups": [], "user_permissions": []}}, {"model": "auth.user", "pk": 28, "fields": {"password": "pbkdf2_sha256$36000$PLEMWLgUZleQ$gDiALOO7IQmiZ2zF8bDUfUqfXtU9CFYdxHMaf1J9iyw=", "last_login": "2017-10-31T13:45:47.498Z", "is_superuser": false, "username": "UserStudent", "first_name": "", "last_name": "", "email": "User@student.com", "is_staff": false, "is_active": true, "date_joined": "2017-10-31T13:42:28.200Z", "groups": [], "user_permissions": []}}, {"model": "auth.user", "pk": 29, "fields": {"password": "pbkdf2_sha256$36000$5sZLYedBs2xj$gV0twLLv+CFOKRWQM/EKOw6Aph5H+u64+nrqjQ3+4ig=", "last_login": "2017-10-31T13:53:55.846Z", "is_superuser": false, "username": "nishi_94", "first_name": "", "last_name": "", "email": "sand@gmail.com", "is_staff": false, "is_active": true, "date_joined": "2017-10-31T13:53:48.303Z", "groups": [], "user_permissions": []}}, {"model": "auth.user", "pk": 30, "fields": {"password": "pbkdf2_sha256$36000$XmcQlHbGZs7g$q0MscJmgnnm77B/ue36EkDVDd50+N0br1RHpYIngzlc=", "last_login": "2017-10-31T14:15:44.591Z", "is_superuser": false, "username": "datboi", "first_name": "", "last_name": "", "email": "datboi@example.com", "is_staff": false, "is_active": true, "date_joined": "2017-10-31T14:14:34.463Z", "groups": [], "user_permissions": []}}, {"model": "registerpage.profile", "pk": 1, "fields": {"user": 11, "userType": 1}}, {"model": "registerpage.profile", "pk": 2, "fields": {"user": 12, "userType": 1}}, {"model": "registerpage.profile", "pk": 3, "fields": {"user": 13, "userType": 1}}, {"model": "registerpage.profile", "pk": 4, "fields": {"user": 14, "userType": 3}}, {"model": "registerpage.profile", "pk": 5, "fields": {"user": 15, "userType": 1}}, {"model": "registerpage.profile", "pk": 6, "fields": {"user": 19, "userType": 1}}, {"model": "registerpage.profile", "pk": 7, "fields": {"user": 20, "userType": 1}}, {"model": "registerpage.profile", "pk": 8, "fields": {"user": 21, "userType": 1}}, {"model": "registerpage.profile", "pk": 9, "fields": {"user": 22, "userType": 1}}, {"model": "registerpage.profile", "pk": 10, "fields": {"user": 23, "userType": 1}}, {"model": "registerpage.profile", "pk": 11, "fields": {"user": 24, "userType": 1}}, {"model": "registerpage.profile", "pk": 12, "fields": {"user": 25, "userType": 1}}, {"model": "registerpage.profile", "pk": 14, "fields": {"user": 27, "userType": 2}}, {"model": "registerpage.profile", "pk": 15, "fields": {"user": 28, "userType": 1}}, {"model": "registerpage.profile", "pk": 16, "fields": {"user": 29, "userType": 1}}, {"model": "registerpage.profile", "pk": 17, "fields": {"user": 30, "userType": 2}}]